timestamp,retailer,category,section,brand,product_name,pack_size,flavor,retailer_sku,canonical_url,status,price,currency,source,baseline,pct_off,deal_strength,price_per_unit,unit_source,image_url,availability_raw,availability_norm,pickup_available,shipping_available
2026-01-15T17:02:10.365266+00:00,Walmart,Energy Drink,Drinks,Alani Nu,Alani Nu Energy Drink,12,Blue Slush,2518026893,https://www.walmart.com/ip/Alani-Nu-Sugar-Free-Energy-Variety-Pack-Cherry-Twist-Orange-Kiss-Pink-Slush-12oz-12-pack-12-cans/2518026893,ok,19.98,USD,dom,29.99,0.3337779259753251,üíé Diamond Deal,1.6650,db,https://i5.walmartimages.com/seo/Alani-Nu-Energy-Drink-Blue-Slush-12-fl-oz-Cans-12-Pack_754e57f0-e183-4f96-8eaa-0b492e22fe9a.92cd167891a563fbf56dd32bfe6cb099.jpeg?odnHeight=2000&odnWidth=2000&odnBg=FFFFFF,online_only,online_only,0,1
2026-01-15T16:00:43.850329+00:00,Kroger,Bars,Food,KIND,KIND Bar,12,Cranberry Almond,0060265240065,https://www.kroger.com/p/kind-cranberry-almond-fruit-and-nut-bars/0060265240065,ok,9.99,USD,dom,14.99,0.333555703802535,üíé Diamond Deal,0.8325,db,https://www.kroger.com/product/images/xlarge/front/0060265240065,unknown,unknown,0,0
2026-01-15T14:53:00.547978+00:00,Kroger,Energy Drink,Drinks,Alani Nu,Alani Nu Energy Drink,1,Cherry Slush,0081003051225,https://www.kroger.com/p/alani-nu-cherry-slush-sugar-free-energy-drink-can/0081003051225,ok,2.0,USD,dom,2.79,0.2831541218637993,üíé Diamond Deal,2.0000,db,https://www.kroger.com/product/images/xlarge/front/0081003051225,in_store,in_store,1,0
2026-01-15T14:53:11.143915+00:00,Kroger,Energy Drink,Drinks,Alani Nu,Alani Nu Energy Drink,1,Orange Kiss,0085064500836,https://www.kroger.com/p/alani-nu-orange-kiss-sugar-free-energy-drink-can/0085064500836,ok,2.0,USD,dom,2.79,0.2831541218637993,üíé Diamond Deal,2.0000,db,https://www.kroger.com/product/images/xlarge/front/0085064500836,in_store,in_store,1,0
2026-01-15T14:53:21.157184+00:00,Kroger,Energy Drink,Drinks,Alani Nu,Alani Nu Energy Drink,1,Cosmic Stardust,0081003051002,https://www.kroger.com/p/alani-nu-cosmic-stardust-sugar-free-energy-drink-can/0081003051002,ok,2.0,USD,dom,2.79,0.2831541218637993,üíé Diamond Deal,2.0000,db,https://www.kroger.com/product/images/xlarge/front/0081003051002,in_store,in_store,1,0
2026-01-15T14:53:41.740422+00:00,Kroger,Energy Drink,Drinks,Alani Nu,Alani Nu Energy Drink,1,Juicy Peach,0081003051382,https://www.kroger.com/p/alani-nu-juicy-peach-sugar-free-energy-drink-can/0081003051382,ok,2.0,USD,dom,2.79,0.2831541218637993,üíé Diamond Deal,2.0000,db,https://www.kroger.com/product/images/xlarge/front/0081003051382,in_store,in_store,1,0
2026-01-15T14:53:53.379998+00:00,Kroger,Energy Drink,Drinks,Alani Nu,Alani Nu Energy Drink,1,Hawaiian Shaved Ice,0085064500838,https://www.kroger.com/p/alani-nu-hawaiian-shaved-ice-sugar-free-energy-drink-can/0085064500838,ok,2.0,USD,dom,2.79,0.2831541218637993,üíé Diamond Deal,2.0000,db,https://www.kroger.com/product/images/xlarge/front/0085064500838,in_store,in_store,1,0
2026-01-15T14:54:03.447395+00:00,Kroger,Energy Drink,Drinks,Alani Nu,Alani Nu Energy Drink,1,Breezeberry,0081003051105,https://www.kroger.com/p/alani-nu-breezeberry-sugar-free-energy-drink/0081003051105,ok,2.0,USD,dom,2.79,0.2831541218637993,üíé Diamond Deal,2.0000,db,https://www.kroger.com/product/images/xlarge/front/0081003051105,in_store,in_store,1,0
2026-01-15T17:09:41.659924+00:00,Walmart,Chips & Crunchy,Food,Quest,Quest Protein Chips,8,Chili Lime,15559513009,https://www.walmart.com/ip/Quest-Tortilla-Style-Protein-Chips-with-20g-of-Protein-Chili-Lime-Flavor-1-1-Oz-Single/15559513009,ok,14.25,USD,dom,18.96,0.2484177215189874,üî• Fire Deal,1.7812,db,https://i5.walmartimages.com/seo/2-pack-Quest-Tortilla-Style-Protein-Chips-Chili-Lime-1-1oz-4-Count-Bags_e3557fff-120a-48d6-8e73-1df50bdc97d6.b5f0e51ebb0d37d142e006ff8809de4a.jpeg?odnHeight=2000&odnWidth=2000&odnBg=FFFFFF,both,both,1,1
2026-01-15T14:53:31.804069+00:00,Kroger,Energy Drink,Drinks,Alani Nu,Alani Nu Energy Drink,6,Cherry Slush,0081003051292,https://www.kroger.com/p/alani-nu-cherry-slush-sugar-free-energy-drink-cans/0081003051292,ok,9.99,USD,dom,12.99,0.23094688221709006,üî• Fire Deal,1.6650,db,https://www.kroger.com/product/images/xlarge/front/0081003051292,in_store,in_store,1,0
2026-01-15T14:54:12.732550+00:00,Kroger,Energy Drink,Drinks,Alani Nu,Alani Nu Energy Drink,6,Cherry Twist,0081003051823,https://www.kroger.com/p/alani-nu-cherry-twist-sugar-free-energy-drink-cans/0081003051823,ok,9.99,USD,dom,12.99,0.23094688221709006,üî• Fire Deal,1.6650,db,https://www.kroger.com/product/images/xlarge/front/0081003051823,unknown,unknown,0,0
2026-01-15T14:38:45.968768+00:00,Kroger,Bars,Food,Power Crunch,Power Crunch Bar,5,Chocolate Mint,0064422573002,https://www.kroger.com/p/power-crunch-chocolate-mint-whey-protein-energy-bars/0064422573002,ok,7.99,USD,dom,9.99,0.20020020020020018,üî• Fire Deal,1.5980,db,https://www.kroger.com/product/images/xlarge/front/0064422573002,both,both,1,1
2026-01-15T14:38:58.092243+00:00,Kroger,Bars,Food,Power Crunch,Power Crunch Bar,5,Triple Chocolate,0064422573082,https://www.kroger.com/p/power-crunch-triple-chocolate-whey-protein-energy-bars/0064422573082,ok,7.99,USD,dom,9.99,0.20020020020020018,üî• Fire Deal,1.5980,db,https://www.kroger.com/product/images/xlarge/front/0064422573082,in_store,in_store,1,0
2026-01-15T14:39:10.784253+00:00,Kroger,Bars,Food,Power Crunch,Power Crunch Bar,5,Peanut Butter,0064422573079,https://www.kroger.com/p/power-crunch-peanut-butter-creme-protein-energy-bars/0064422573079,ok,7.99,USD,dom,9.99,0.20020020020020018,üî• Fire Deal,1.5980,db,https://www.kroger.com/product/images/xlarge/front/0064422573079,in_store,in_store,1,0
2026-01-15T14:39:22.222130+00:00,Kroger,Bars,Food,Power Crunch,Power Crunch Bar,5,Peanut Butter Fudge,0064422573006,https://www.kroger.com/p/power-crunch-peanut-butter-fudge-protein-energy-bars/0064422573006,ok,7.99,USD,dom,9.99,0.20020020020020018,üî• Fire Deal,1.5980,db,https://www.kroger.com/product/images/xlarge/front/0064422573006,in_store,in_store,1,0
2026-01-15T17:19:12.272754+00:00,Walmart,Cookies & Sweets,Food,MyProtein,MyProtein Wafer,10,Chocolate,1582074407,https://www.walmart.com/ip/Myprotein-Protein-Wafers-Vanilla-4pk/1582074407,ok,20.99,USD,dom,25.99,0.19238168526356292,üí™ Strong Deal,2.0990,db,https://i5.walmartimages.com/seo/Myprotein-Crispy-Protein-Wafers-Chocolate-High-Protein-Snacks-15g-10-Pack_b4ed8578-4523-41bd-bc9e-7a15578140a6.3b02ac8e9055e6f4ed292e23172b1532.jpeg?odnHeight=2000&odnWidth=2000&odnBg=FFFFFF,online_only,online_only,0,1
2026-01-15T17:19:18.792435+00:00,Walmart,Cookies & Sweets,Food,MyProtein,MyProtein Wafer,10,Vanilla,1077226335,https://www.walmart.com/ip/Myprotein-Protein-Wafers-Vanilla-4pk/1077226335,ok,20.99,USD,dom,25.99,0.19238168526356292,üí™ Strong Deal,2.0990,db,https://i5.walmartimages.com/seo/Myprotein-Crispy-Vanilla-Protein-Wafers-15g-Protein-Box-of-10_df63b5ba-57e4-45f1-8ac6-b07a0ff4481b.25ee86e8e6776fa2a5591d832d81cfc9.jpeg?odnHeight=2000&odnWidth=2000&odnBg=FFFFFF,online_only,online_only,0,1
2026-01-15T14:39:33.715862+00:00,Kroger,Chips & Crunchy,Food,Quest,Quest Crackers,4,Cheddar,0088884901206,https://www.kroger.com/p/quest-nutrition-protein-cheddar-blast-cheese-crackers/0088884901206,ok,7.29,USD,dom,8.99,0.18909899888765297,üí™ Strong Deal,1.8225,db,https://www.kroger.com/product/images/xlarge/front/0088884901206,in_store,in_store,1,0
2026-01-15T14:39:41.907835+00:00,Kroger,Chips & Crunchy,Food,Quest,Quest Crackers,4,Spicy Cheddar,0088884901400,https://www.kroger.com/p/quest-nutrition-spicy-cheddar-protein-cheese-crackers/0088884901400,ok,7.29,USD,dom,8.99,0.18909899888765297,üí™ Strong Deal,1.8225,db,https://www.kroger.com/product/images/xlarge/front/0088884901400,in_store,in_store,1,0
2026-01-15T14:44:35.012684+00:00,Target,Bars,Food,Quest,Quest Hero Protein Bar,12,Chocolate Caramel Pecan,89846538,https://www.target.com/p/quest-nutrition-15g-hero-protein-bar-crispy-chocolate-caramel-pecan/-/A-89846538,ok,21.49,USD,dom,26.49,0.18875047187617972,üí™ Strong Deal,1.7908,db,https://target.scene7.com/is/image/Target/GUEST_9de4655b-9ceb-4efc-9455-674a2d31c486?wid=600&hei=600&qlt=80,online_only,online_only,0,1
2026-01-15T14:40:01.509619+00:00,Kroger,Bars,Food,Quest,Quest Protein Bar,4,Cookies & Cream,0088884900386,https://www.kroger.com/p/quest-cookies-cream-protein-bars/0088884900386,ok,8.99,USD,dom,10.99,0.18198362147406733,üí™ Strong Deal,2.2475,db,https://www.kroger.com/product/images/xlarge/front/0088884900386,in_store,in_store,1,0
2026-01-15T14:40:12.436781+00:00,Kroger,Bars,Food,Quest,Quest Protein Bar,4,Double Chocolate Chunk,0088884900391,https://www.kroger.com/p/quest-double-chocolate-chunk-protein-bars/0088884900391,ok,8.99,USD,dom,10.99,0.18198362147406733,üí™ Strong Deal,2.2475,db,https://www.kroger.com/product/images/xlarge/front/0088884900391,in_store,in_store,1,0
2026-01-15T14:41:34.799300+00:00,Kroger,Bars,Food,Quest,Quest Protein Bar,4,S'mores,0088884900389,https://www.kroger.com/p/quest-s-mores-protein-bars/0088884900389,ok,8.99,USD,dom,10.99,0.18198362147406733,üí™ Strong Deal,2.2475,db,https://www.kroger.com/product/images/xlarge/front/0088884900389,in_store,in_store,1,0
2026-01-15T14:41:46.345438+00:00,Kroger,Bars,Food,Quest,Quest Hero Protein Bar,4,Cookies & Cream,0088884901160,https://www.kroger.com/p/quest-crispy-cookies-cream-protein-bars/0088884901160,ok,8.99,USD,dom,10.99,0.18198362147406733,üí™ Strong Deal,2.2475,db,https://www.kroger.com/product/images/xlarge/front/0088884901160,in_store,in_store,1,0
2026-01-15T14:41:56.181523+00:00,Kroger,Bars,Food,Quest,Quest Hero Protein Bar,4,Chocolate Peanut Butter,0088884901094,https://www.kroger.com/p/quest-crispy-chocolate-peanut-butter-protein-bars/0088884901094,ok,8.99,USD,dom,10.99,0.18198362147406733,üí™ Strong Deal,2.2475,db,https://www.kroger.com/product/images/xlarge/front/0088884901094,in_store,in_store,1,0
2026-01-15T14:51:02.693553+00:00,Kroger,Bars,Food,Quest,Quest Overload,4,Sundae Funday,0088884901581,https://www.kroger.com/p/quest-overload-sundae-funday-protein-bar/0088884901581,ok,8.99,USD,dom,10.99,0.18198362147406733,üí™ Strong Deal,2.2475,db,https://www.kroger.com/product/images/xlarge/front/0088884901581,in_store,in_store,1,0
2026-01-15T14:51:14.758838+00:00,Kroger,Bars,Food,Quest,Quest Protein Bar,4,Chocolate Chip Cookie Dough,0088884900385,https://www.kroger.com/p/quest-chocolate-chip-cookie-dough-protein-bars/0088884900385,ok,8.99,USD,dom,10.99,0.18198362147406733,üí™ Strong Deal,2.2475,db,https://www.kroger.com/product/images/xlarge/front/0088884900385,in_store,in_store,1,0
2026-01-15T14:51:24.895853+00:00,Kroger,Bars,Food,Quest,Quest Overload,4,Chocolate Explosion,0088884901578,https://www.kroger.com/p/quest-overload-chocolate-explosion-protein-bar/0088884901578,ok,8.99,USD,dom,10.99,0.18198362147406733,üí™ Strong Deal,2.2475,db,https://www.kroger.com/product/images/xlarge/front/0088884901578,in_store,in_store,1,0
2026-01-15T15:09:18.186693+00:00,Kroger,Cookies & Sweets,Food,Quest,Quest Peanut Butter Cups,4,Peanut Butter Cups,0088884901131,https://www.kroger.com/p/quest-protein-low-sugar-peanut-butter-cups/0088884901131,ok,8.99,USD,dom,10.99,0.18198362147406733,üí™ Strong Deal,2.2475,db,https://www.kroger.com/product/images/xlarge/front/0088884901131,in_store,in_store,1,0
2026-01-15T15:17:48.677578+00:00,Kroger,Bars,Food,Quest,Quest Hero Protein Bar,4,Chocolate Caramel Pecan,0088884900615,https://www.kroger.com/p/quest-chocolate-caramel-pecan-hero-protein-bars/0088884900615,ok,8.99,USD,dom,10.99,0.18198362147406733,üí™ Strong Deal,2.2475,db,https://www.kroger.com/product/images/xlarge/front/0088884900615,in_store,in_store,1,0
2026-01-15T15:17:58.419006+00:00,Kroger,Bars,Food,Quest,Quest Protein Bar,4,Birthday Cake,0088884900668,https://www.kroger.com/p/quest-birthday-cake-protein-bars/0088884900668,ok,8.99,USD,dom,10.99,0.18198362147406733,üí™ Strong Deal,2.2475,db,https://www.kroger.com/product/images/xlarge/front/0088884900668,in_store,in_store,1,0
2026-01-15T15:18:10.835783+00:00,Kroger,Bars,Food,Quest,Quest Hero Protein Bar,4,Birthday Cake,0088884901515,https://www.kroger.com/p/quest-hero-crispy-birthday-cake-protein-bar/0088884901515,ok,8.99,USD,dom,10.99,0.18198362147406733,üí™ Strong Deal,2.2475,db,https://www.kroger.com/product/images/xlarge/front/0088884901515,in_store,in_store,1,0
2026-01-15T15:18:19.893882+00:00,Kroger,Bars,Food,Quest,Quest Protein Bar,4,Oatmeal Chocolate Chip,0088884900517,https://www.kroger.com/p/quest-oatmeal-chocolate-chip-protein-bars/0088884900517,ok,8.99,USD,dom,10.99,0.18198362147406733,üí™ Strong Deal,2.2475,db,https://www.kroger.com/product/images/xlarge/front/0088884900517,in_store,in_store,1,0
2026-01-15T14:44:52.428567+00:00,Target,Bars,Food,Quest,Quest Hero Protein Bar,12,Birthday Cake,92987990,https://www.target.com/p/quest-nutrition-birthday-cake-bar/-/A-92987990,ok,21.49,USD,dom,25.99,0.17314351673720663,üí™ Strong Deal,1.7908,db,https://target.scene7.com/is/image/Target/GUEST_c393d251-0fc8-42e6-b88d-527213dac6fe?wid=600&hei=600&qlt=80,,,,
2026-01-15T15:21:37.733651+00:00,Kroger,RTD Protein Shake,Drinks,Core Power,Core Power Protein Shake,1,Chocolate,0081162002195,https://www.kroger.com/p/core-power-chocolate-protein-shake/0081162002195,ok,3.79,USD,dom,4.49,0.15590200445434302,üí™ Strong Deal,3.7900,db,https://www.kroger.com/product/images/xlarge/front/0081162002195,in_store,in_store,1,0
2026-01-15T15:22:26.363991+00:00,Kroger,RTD Protein Shake,Drinks,Core Power,Core Power Protein Shake,1,Vanilla,0081162002196,https://www.kroger.com/p/core-power-vanilla-protein-shake/0081162002196,ok,3.79,USD,dom,4.49,0.15590200445434302,üí™ Strong Deal,3.7900,db,https://www.kroger.com/product/images/xlarge/front/0081162002196,in_store,in_store,1,0
2026-01-15T17:05:05.115431+00:00,Walmart,Bars,Food,Pure Protein,Pure Protein Bar,4,Galactic Brownie,3543579141,https://www.walmart.com/ip/Pure-Protein-Bars-Galactic-Brownie-20g-Protein-Gluten-Free-1-76-oz-4-Ct/3543579141,ok,4.97,USD,dom,5.82,0.14604810996563583,üí™ Strong Deal,1.2425,db,https://i5.walmartimages.com/seo/Pure-Protein-Bars-Galactic-Brownie-20g-Protein-Gluten-Free-1-76-oz-4-Ct_5b3bd5d8-05b0-40ef-94f4-94a8496a01af.43f3666a9bb8e3c9e9369793ce1f67ab.jpeg?odnHeight=2000&odnWidth=2000&odnBg=FFFFFF,both,both,1,1
2026-01-15T17:05:11.440785+00:00,Walmart,Bars,Food,Pure Protein,Pure Protein Bar,4,Chocolate Peanut Caramel,1218949934,https://www.walmart.com/ip/Pure-Protein-Bars-Chocolate-Peanut-Caramel-20g-Protein-Gluten-Free-1-76-oz-4-Ct/1218949934,ok,4.97,USD,dom,5.82,0.14604810996563583,üí™ Strong Deal,1.2425,db,https://i5.walmartimages.com/seo/Pure-Protein-Bars-Chocolate-Peanut-Caramel-20g-Protein-Gluten-Free-1-76-oz-4-Ct_d74c22fb-c8be-47a0-acb9-09fb31c71917.5b28271ca69d3fe9363fcaefc83fc187.jpeg?odnHeight=573&odnWidth=573&odnBg=FFFFFF,both,both,1,1
2026-01-15T17:05:18.002189+00:00,Walmart,Bars,Food,Pure Protein,Pure Protein Bar,4,Chocolate Deluxe,2782064509,https://www.walmart.com/ip/Pure-Protein-Bars-Galactic-Brownie-20g-Protein-Gluten-Free-1-76-oz-4-Ct/2782064509,ok,4.97,USD,dom,5.82,0.14604810996563583,üí™ Strong Deal,1.2425,db,https://i5.walmartimages.com/seo/Pure-Protein-Bars-Chocolate-Deluxe-21g-Protein-Gluten-Free-1-76-oz-4-Ct_4b40f120-c86f-48c2-8b60-f95a6fa5522f.185f290f36eb2650390b5fec0156c0db.jpeg?odnHeight=2000&odnWidth=2000&odnBg=FFFFFF,both,both,1,1
2026-01-15T17:05:24.740396+00:00,Walmart,Bars,Food,Pure Protein,Pure Protein Bar,4,Chocolate Mint Cookie,3868740398,https://www.walmart.com/ip/Pure-Protein-Bars-Galactic-Brownie-20g-Protein-Gluten-Free-1-76-oz-4-Ct/3868740398,ok,4.97,USD,dom,5.82,0.14604810996563583,üí™ Strong Deal,1.2425,db,https://i5.walmartimages.com/asr/1f9d04c9-68d8-4c33-a180-569c02de1423.e37ff7f46a3514b8bc9d68943583442a.jpeg?odnHeight=2000&odnWidth=2000&odnBg=FFFFFF,unknown,unknown,0,0
2026-01-15T17:05:31.816875+00:00,Walmart,Bars,Food,Pure Protein,Pure Protein Bar,4,Chocolate Peanut Butter,2114852511,https://www.walmart.com/ip/Pure-Protein-Bars-Galactic-Brownie-20g-Protein-Gluten-Free-1-76-oz-4-Ct/2114852511,ok,4.97,USD,dom,5.82,0.14604810996563583,üí™ Strong Deal,1.2425,db,https://i5.walmartimages.com/seo/Pure-Protein-Bars-Chocolate-Peanut-Butter-20g-Protein-Gluten-Free-1-76-oz-4-Ct_8336ef75-f848-4307-b74a-3a7efbda7965.70f2947e6979efb0a58d3a607a133ba3.jpeg?odnHeight=2000&odnWidth=2000&odnBg=FFFFFF,both,both,1,1
2026-01-15T17:05:38.321601+00:00,Walmart,Bars,Food,Pure Protein,Pure Protein Bar,4,Lemon Cake,2954033353,https://www.walmart.com/ip/Pure-Protein-Bars-Galactic-Brownie-20g-Protein-Gluten-Free-1-76-oz-4-Ct/2954033353,ok,4.97,USD,dom,5.82,0.14604810996563583,üí™ Strong Deal,1.2425,db,https://i5.walmartimages.com/seo/Pure-Protein-Bars-Lemon-Cake-20g-Protein-Gluten-Free-1-76-oz-4-Ct_61e3ee0a-c42c-4b8c-994a-8170da797d86.27cc862d1ec67dc19403dee18fe8f2b7.jpeg?odnHeight=2000&odnWidth=2000&odnBg=FFFFFF,both,both,1,1
2026-01-15T17:06:55.870889+00:00,Walmart,Bars,Food,Pure Protein,Pure Protein Bar,4,Brookie,5326338995,https://www.walmart.com/ip/Pure-Protein-Bar-Brookie-Bar-19g-Protein-Gluten-Free-1-76-oz-4-Ct/5326338995,ok,4.97,USD,dom,5.82,0.14604810996563583,üí™ Strong Deal,1.2425,db,https://i5.walmartimages.com/asr/79710636-8d48-4f52-955a-1c89c0228573.64f9e710d35b7071e873769bc004e4f3.jpeg?odnHeight=2000&odnWidth=2000&odnBg=FFFFFF,unknown,unknown,0,0
2026-01-15T17:16:59.099714+00:00,Walmart,Bars,Food,Pure Protein,Pure Protein Bar,4,Zig Zag Cake,16399950792,https://www.walmart.com/ip/Pure-Protein-Bars-Zig-Zag-Cake-1-76-oz-4-Count/16399950792,ok,4.97,USD,dom,5.82,0.14604810996563583,üí™ Strong Deal,1.2425,db,https://i5.walmartimages.com/seo/Pure-Protein-Bars-Zig-Zag-Cake-1-76-oz-4-Count_c47764a3-f9cf-4c81-8457-f5e5af517b7a.344880e42da25c01952390633120b20d.jpeg?odnHeight=2000&odnWidth=2000&odnBg=FFFFFF,both,both,1,1
2026-01-15T14:39:52.003785+00:00,Kroger,Chips & Crunchy,Food,Quest,Quest Protein Chips,4,Loaded Taco,0088884901096,https://www.kroger.com/p/quest-tortilla-style-loaded-taco-protein-chips/0088884901096,ok,8.99,USD,dom,10.49,0.14299332697807435,üí™ Strong Deal,2.2475,db,https://www.kroger.com/product/images/xlarge/front/0088884901096,in_store,in_store,1,0
2026-01-15T14:41:13.344763+00:00,Kroger,Chips & Crunchy,Food,Quest,Quest Protein Chips,4,Nacho Cheese,0088884901054,https://www.kroger.com/p/quest-tortilla-style-nacho-cheese-protein-chips/0088884901054,ok,8.99,USD,dom,10.49,0.14299332697807435,üí™ Strong Deal,2.2475,db,https://www.kroger.com/product/images/xlarge/front/0088884901054,in_store,in_store,1,0
2026-01-15T14:41:22.659509+00:00,Kroger,Chips & Crunchy,Food,Quest,Quest Protein Chips,4,Ranch,0088884901102,https://www.kroger.com/p/quest-tortilla-style-ranch-protein-chips/0088884901102,ok,8.99,USD,dom,10.49,0.14299332697807435,üí™ Strong Deal,2.2475,db,https://www.kroger.com/product/images/xlarge/front/0088884901102,in_store,in_store,1,0
2026-01-15T14:42:08.157787+00:00,Kroger,Chips & Crunchy,Food,Quest,Quest Protein Chips,4,Chili Lime,0088884901053,https://www.kroger.com/p/quest-tortilla-style-chili-lime-protein-chips/0088884901053,ok,8.99,USD,dom,10.49,0.14299332697807435,üí™ Strong Deal,2.2475,db,https://www.kroger.com/product/images/xlarge/front/0088884901053,in_store,in_store,1,0
2026-01-15T15:09:28.141968+00:00,Kroger,Cookies & Sweets,Food,Quest,Quest Protein Cookies,4,Chocolate Chip,0088884900600,https://www.kroger.com/p/quest-nutrition-chocolate-chip-protein-cookies/0088884900600,ok,8.99,USD,dom,10.49,0.14299332697807435,üí™ Strong Deal,2.2475,db,https://www.kroger.com/product/images/xlarge/front/0088884900600,in_store,in_store,1,0
2026-01-15T15:17:36.756457+00:00,Kroger,Chips & Crunchy,Food,Quest,Quest Protein Chips,4,Spicy Sweet Chili,0088884901175,https://www.kroger.com/p/quest-tortilla-spicy-sweet-chili-protein-chips/0088884901175,ok,8.99,USD,dom,10.49,0.14299332697807435,üí™ Strong Deal,2.2475,db,https://www.kroger.com/product/images/xlarge/front/0088884901175,in_store,in_store,1,0
2026-01-15T14:50:33.156012+00:00,Target,Bars,Food,ONE,ONE Protein Bar,12,Blueberry Cobbler,80354236,https://www.target.com/p/one-bar-protein-bar-blueberry-cobbler/-/A-80354236,ok,21.49,USD,dom,24.99,0.1400560224089636,üí™ Strong Deal,1.7908,db,https://target.scene7.com/is/image/Target/GUEST_58445e53-7b0c-4d2f-900f-bbffe7d38cf6?wid=600&hei=600&qlt=80,,,,
2026-01-15T15:00:10.780076+00:00,Target,Meat Snack,Food,Chomps,Chomps Meat Sticks,8,Original Beef,87802842,https://www.target.com/p/chomps-original-beef-8ct-9-2oz/-/A-87802842#lnk=sametab,ok,15.99,USD,dom,18.49,0.13520822065981603,üí™ Strong Deal,1.9988,db,https://target.scene7.com/is/image/Target/GUEST_901cb0e0-c0d8-435b-8e21-45a9f2ff2666?wid=1200&hei=1200&qlt=80,both,both,1,1
2026-01-15T15:00:19.712206+00:00,Target,Meat Snack,Food,Chomps,Chomps Meat Sticks,8,Jalapeno Beef,87802843,https://www.target.com/p/chomps-jalapeno-beef-8ct-9-2oz/-/A-87802843#lnk=sametab,ok,15.99,USD,dom,18.49,0.13520822065981603,üí™ Strong Deal,1.9988,db,https://target.scene7.com/is/image/Target/GUEST_74ee330a-7d87-4219-b452-7fd5bed099f2?wid=1200&hei=1200&qlt=80,both,both,1,1
2026-01-15T15:00:28.440288+00:00,Target,Meat Snack,Food,Chomps,Chomps Meat Sticks,8,Original Turkey,90142217,https://www.target.com/p/chomps-original-turkey-sticks-8ct-9-2oz/-/A-90142217#lnk=sametab,ok,15.99,USD,dom,18.49,0.13520822065981603,üí™ Strong Deal,1.9988,db,https://target.scene7.com/is/image/Target/GUEST_90891466-e663-4c67-ae9b-d6c49bba5845?wid=1200&hei=1200&qlt=80,both,both,1,1
2026-01-15T15:00:37.541256+00:00,Target,Meat Snack,Food,Chomps,Chomps Meat Sticks,8,Smoky BBQ,93922915,https://www.target.com/p/chomps-snack-sticks-smoky-bbq-beef-sticks-9-2oz-8ct/-/A-93922915#lnk=sametab,ok,15.99,USD,dom,18.49,0.13520822065981603,üí™ Strong Deal,1.9988,db,https://target.scene7.com/is/image/Target/GUEST_68f8a966-4192-4fb6-b5d2-66dbed7f141f?wid=1200&hei=1200&qlt=80,both,both,1,1
2026-01-15T15:00:57.673125+00:00,Target,Meat Snack,Food,Chomps,Chomplings Meat Sticks,14,Original Beef,92993812,https://www.target.com/p/chomplings-original-beef-mini-sticks-7oz-14ct/-/A-92993812#lnk=sametab,ok,15.99,USD,dom,18.49,0.13520822065981603,üí™ Strong Deal,1.1421,db,https://target.scene7.com/is/image/Target/GUEST_35828b52-a483-4ce5-892e-31714f74a72e?wid=1200&hei=1200&qlt=80,both,both,1,1
2026-01-15T15:01:48.047365+00:00,Target,Meat Snack,Food,Chomps,Chomplings Meat Sticks,14,Sea Salt,93974616,https://www.target.com/p/chomps-snack-sticks-chomplings-sea-salt-beef-mini-sticks-7oz-14ct/-/A-93974616#lnk=sametab,ok,15.99,USD,dom,18.49,0.13520822065981603,üí™ Strong Deal,1.1421,db,https://target.scene7.com/is/image/Target/GUEST_e5b49c96-dc80-46b6-9910-2e33ee00b533?wid=1200&hei=1200&qlt=80,both,both,1,1
2026-01-15T17:18:58.481185+00:00,Walmart,Cookies & Sweets,Food,MyProtein,MyProtein Wafer,4,Vanilla,15319150574,https://www.walmart.com/ip/Myprotein-Protein-Wafers-Vanilla-4pk/15319150574,ok,6.97,USD,dom,7.96,0.12437185929648244,üí™ Strong Deal,1.7425,db,https://i5.walmartimages.com/seo/Myprotein-Protein-Wafers-Vanilla-4pk_4aaa499c-da96-497f-9993-da8a28a04d8f.1bb086327680dfa13a1a66d1e7bbf6b2.png?odnHeight=2000&odnWidth=2000&odnBg=FFFFFF,both,both,1,1
2026-01-15T17:19:05.126478+00:00,Walmart,Cookies & Sweets,Food,MyProtein,MyProtein Wafer,4,Chocolate,15351112799,https://www.walmart.com/ip/Myprotein-Protein-Wafers-Vanilla-4pk/15351112799,ok,6.97,USD,dom,7.96,0.12437185929648244,üí™ Strong Deal,1.7425,db,https://i5.walmartimages.com/seo/Myprotein-Protein-Wafers-Chocolate-4pk_10ec456c-5e25-47c8-8fac-c91c0010b8f5.e3d70a41e41fa1ae27acbabbf3757a72.png?odnHeight=2000&odnWidth=2000&odnBg=FFFFFF,both,both,1,1
2026-01-15T17:11:11.208912+00:00,Walmart,Chips & Crunchy,Food,Quest,Quest Protein Chips,4,Salsa Verde,15002352188,https://www.walmart.com/ip/Quest-Tortilla-Style-Protein-Chips-Salsa-Verde-Flavored-Baked-1-1oz-4-Count/15002352188,ok,8.48,USD,dom,9.49,0.10642781875658586,üí™ Strong Deal,2.1200,db,https://i5.walmartimages.com/seo/Quest-Tortilla-Style-Protein-Chips-Salsa-Verde-Flavored-Baked-1-1oz-4-Count_2b165e24-20b3-41b4-b685-688f06b96955.5b55e495888ed224e20e188bd50f2466.jpeg?odnHeight=2000&odnWidth=2000&odnBg=FFFFFF,online_only,online_only,0,1
2026-01-15T17:09:21.761927+00:00,Walmart,Chips & Crunchy,Food,Quest,Quest Protein Chips,4,Ranch,707880951,https://www.walmart.com/ip/Quest-Tortilla-Style-Protein-Chips-with-19g-of-Protein-Ranch-Flavor-1-1-Oz-Single/707880951,ok,8.48,USD,dom,9.48,0.10548523206751054,üí™ Strong Deal,2.1200,db,https://i5.walmartimages.com/seo/Quest-Tortilla-Style-Protein-Chips-Ranch-Baked-Gluten-Free-4-Count_9a517d18-858d-45e9-8082-2e3442bb3c39.d2eb16c148e8eb440d7a59cbbe8c72e9.jpeg?odnHeight=2000&odnWidth=2000&odnBg=FFFFFF,both,both,1,1
2026-01-15T17:09:35.358239+00:00,Walmart,Chips & Crunchy,Food,Quest,Quest Protein Chips,4,Chili Lime,806397455,https://www.walmart.com/ip/Quest-Tortilla-Style-Protein-Chips-with-20g-of-Protein-Chili-Lime-Flavor-1-1-Oz-Single/806397455,ok,8.48,USD,dom,9.48,0.10548523206751054,üí™ Strong Deal,2.1200,db,https://i5.walmartimages.com/seo/Quest-Tortilla-Style-Protein-Chips-Chili-Lime-1-1oz-4-Count-Bags_3aa7a3e8-9310-4e03-a5af-e98735dc074b.e64cfaabdd43665ba4b40a0dfed067af.jpeg?odnHeight=2000&odnWidth=2000&odnBg=FFFFFF,both,both,1,1
2026-01-15T17:09:53.078310+00:00,Walmart,Chips & Crunchy,Food,Quest,Quest Protein Chips,4,Loaded Taco,871607300,https://www.walmart.com/ip/Quest-Nutrition-Tortilla-Style-Protein-Chips-Low-Carb-High-Protein-Loaded-Taco-4-5-oz-4-Ct/871607300,ok,8.48,USD,dom,9.48,0.10548523206751054,üí™ Strong Deal,2.1200,db,https://i5.walmartimages.com/seo/Quest-Nutrition-Tortilla-Style-Protein-Chips-Low-Carb-High-Protein-Loaded-Taco-4-5-oz-4-Ct_06c63782-f79b-4726-acc4-17e03d20e961.20c21bf4b1a0b93d77c64c99e430310f.jpeg?odnHeight=2000&odnWidth=2000&odnBg=FFFFFF,both,both,1,1
2026-01-15T17:10:05.819630+00:00,Walmart,Chips & Crunchy,Food,Quest,Quest Protein Chips,8,Loaded Taco,17062371553,https://www.walmart.com/ip/Quest-Tortilla-Style-Protein-Chips-with-19g-of-Protein-Loaded-Taco-Flavor-1-1-Oz-Single/17062371553,ok,16.96,USD,dom,18.96,0.10548523206751054,üí™ Strong Deal,2.1200,db,https://i5.walmartimages.com/seo/2-pack-Quest-Nutrition-Tortilla-Style-Protein-Chips-Low-Carb-High-Protein-Loaded-Taco-4-5-oz-4-Ct_72824d02-7898-4792-809c-b1a691fd7869.50c7cd66bd03e168e3bcf2ec558876cf.jpeg?odnHeight=2000&odnWidth=2000&odnBg=FFFFFF,both,both,1,1
2026-01-15T17:10:19.160040+00:00,Walmart,Chips & Crunchy,Food,Quest,Quest Protein Chips,4,Spicy Sweet Chili,956512741,https://www.walmart.com/ip/Quest-Tortilla-Style-Protein-Chips-Spicy-Sweet-Chili-High-Protein-Baked-Gluten-Free-4-Count/956512741,ok,8.48,USD,dom,9.48,0.10548523206751054,üí™ Strong Deal,2.1200,db,https://i5.walmartimages.com/seo/Quest-Tortilla-Style-Protein-Chips-Spicy-Sweet-Chili-High-Protein-Baked-Gluten-Free-4-Count_6832f47f-6790-4637-84a2-b29a0f05115f.2b14faff2d567c854b7d200f09724e4b.jpeg?odnHeight=2000&odnWidth=2000&odnBg=FFFFFF,both,both,1,1
2026-01-15T17:10:38.466404+00:00,Walmart,Chips & Crunchy,Food,Quest,Quest Protein Chips,8,Nacho Cheese,16347608147,https://www.walmart.com/ip/QUEST-NACHO-FLAVORED-PROTEIN-CHIP/16347608147,ok,16.96,USD,dom,18.96,0.10548523206751054,üí™ Strong Deal,2.1200,db,https://i5.walmartimages.com/seo/2-pack-Quest-Tortilla-Style-Protein-Chips-Nacho-Cheese-1-1oz-4-Ct_8fb2b74d-5ba3-4f8e-9fa2-02451a82df2b.7f36d7602e97755252e2d540843a2ef5.jpeg?odnHeight=2000&odnWidth=2000&odnBg=FFFFFF,both,both,1,1
2026-01-15T17:10:51.583971+00:00,Walmart,Chips & Crunchy,Food,Quest,Quest Protein Chips,4,Pizza Flavor,15780952775,https://www.walmart.com/ip/Quest-Tortilla-Style-Protein-Chips-with-19g-of-Protein-Pizza-Flavor-4-Count/15780952775,ok,8.48,USD,dom,9.48,0.10548523206751054,üí™ Strong Deal,2.1200,db,https://i5.walmartimages.com/seo/Quest-Tortilla-Style-Protein-Chips-with-19g-of-Protein-Pizza-Flavor-4-Count_49617bcc-e947-4dc0-b589-62afe6c1d28c.8ec7edd9228866acd739fd1d5214e39c.jpeg?odnHeight=2000&odnWidth=2000&odnBg=FFFFFF,online_only,online_only,0,1
2026-01-15T17:10:57.961067+00:00,Walmart,Chips & Crunchy,Food,Quest,Quest Protein Chips,4,Buffalo Ranch,14817163122,https://www.walmart.com/ip/Quest-Tortilla-Style-Protein-Chips-Buffalo-Ranch-Flavor-Baked-4-Count/14817163122,ok,8.48,USD,dom,9.48,0.10548523206751054,üí™ Strong Deal,2.1200,db,https://i5.walmartimages.com/seo/Quest-Tortilla-Style-Protein-Chips-Buffalo-Ranch-Flavor-Baked-4-Count_715d298d-65b8-458f-92c9-b3ed0b360098.f1de7e4b9738ce8462ec3f7a3f3039aa.jpeg?odnHeight=2000&odnWidth=2000&odnBg=FFFFFF,online_only,online_only,0,1
2026-01-15T17:11:17.840756+00:00,Walmart,Chips & Crunchy,Food,Quest,Quest Protein Chips,4,Ranch,707880951,https://www.walmart.com/ip/Quest-Tortilla-Style-Protein-Chips-Ranch-Baked-Gluten-Free-4-Count/707880951,ok,8.48,USD,dom,9.48,0.10548523206751054,üí™ Strong Deal,2.1200,db,https://i5.walmartimages.com/seo/Quest-Tortilla-Style-Protein-Chips-Ranch-Baked-Gluten-Free-4-Count_9a517d18-858d-45e9-8082-2e3442bb3c39.d2eb16c148e8eb440d7a59cbbe8c72e9.jpeg?odnHeight=2000&odnWidth=2000&odnBg=FFFFFF,both,both,1,1
2026-01-15T17:17:38.618151+00:00,Walmart,Cookies & Sweets,Food,Legendary Foods,Legendary Protein Pastry,4,Strawberry,602941020,https://www.walmart.com/ip/Legendary-Foods-Protein-Pastry-Strawberry-4-Pack-Protein-Snack-Keto-Friendly-Gluten-Free/602941020?fulfillmentIntent=In-store&filters=%5B%7B%22intent%22%3A%22fulfillmentIntent%22%2C%22values%22%3A%5B%22In-store%22%5D%7D%5D&classType=VARIANT,ok,8.87,USD,dom,9.87,0.10131712259371835,üí™ Strong Deal,2.2175,db,https://i5.walmartimages.com/seo/Legendary-Foods-Protein-Pastry-Strawberry-4-Pack-Protein-Snack-Keto-Friendly-Gluten-Free_5dc0cb53-f63c-4ab6-bfb3-00345f532253.1a03759adca65e79129de32894a5b115.jpeg?odnHeight=2000&odnWidth=2000&odnBg=FFFFFF,both,both,1,1
2026-01-15T17:17:44.633365+00:00,Walmart,Cookies & Sweets,Food,Legendary Foods,Legendary Protein Pastry,4,Chocolate Cake,565306226,https://www.walmart.com/ip/Legendary-Foods-Protein-Pastry-Chocolate-Cake-4-Pack-Protein-Snack-Gluten-Free-Keto-Friendly/565306226?fulfillmentIntent=In-store&filters=%5B%7B%22intent%22%3A%22fulfillmentIntent%22%2C%22values%22%3A%5B%22In-store%22%5D%7D%5D&classType=REGULAR&athbdg=L1200,ok,8.87,USD,dom,9.87,0.10131712259371835,üí™ Strong Deal,2.2175,db,https://i5.walmartimages.com/seo/Legendary-Foods-Protein-Pastry-Chocolate-Cake-4-Pack-Protein-Snack-Gluten-Free-Keto-Friendly_e9c20bd0-09be-42bd-b272-07aff8b8edd0.b8b14f5f3482cf9c6a31bed392c9fc85.jpeg?odnHeight=2000&odnWidth=2000&odnBg=FFFFFF,both,both,1,1
2026-01-15T17:17:51.252932+00:00,Walmart,Cookies & Sweets,Food,Legendary Foods,Legendary Protein Pastry,4,Blueberry,5528895039,https://www.walmart.com/ip/Legendary-Foods-Protein-Pastry-Blueberry-4-Pack-Protein-Snack-Gluten-Free-Keto-Friendly/5528895039?fulfillmentIntent=In-store&filters=%5B%7B%22intent%22%3A%22fulfillmentIntent%22%2C%22values%22%3A%5B%22In-store%22%5D%7D%5D&classType=REGULAR&athbdg=L1600,ok,8.87,USD,dom,9.87,0.10131712259371835,üí™ Strong Deal,2.2175,db,https://i5.walmartimages.com/seo/Legendary-Foods-Protein-Pastry-Blueberry-4-Pack-Protein-Snack-Gluten-Free-Keto-Friendly_ec86abcf-2ecf-4bda-a93d-0efb60b937ad.831cbf493a376d32b4ae6f65f6737877.jpeg?odnHeight=2000&odnWidth=2000&odnBg=FFFFFF,unknown,unknown,0,0
2026-01-15T17:17:57.332379+00:00,Walmart,Cookies & Sweets,Food,Legendary Foods,Legendary Sweet Roll,4,Chocolate,1259847189,https://www.walmart.com/ip/Legendary-Foods-Protein-Sweet-Roll-Chocolate-4-Pack-Protein-Snack-Gluten-Free-Keto-Friendly/1259847189?fulfillmentIntent=In-store&filters=%5B%7B%22intent%22%3A%22fulfillmentIntent%22%2C%22values%22%3A%5B%22In-store%22%5D%7D%5D&classType=VARIANT,ok,8.87,USD,dom,9.87,0.10131712259371835,üí™ Strong Deal,2.2175,db,https://i5.walmartimages.com/seo/Legendary-Foods-Protein-Sweet-Roll-Chocolate-4-Pack-Protein-Snack-Gluten-Free-Keto-Friendly_5dfa6bf8-5546-46a0-af02-03fc5416b28e.36cf9f2149a56394a0a0534c469cb640.jpeg?odnHeight=2000&odnWidth=2000&odnBg=FFFFFF,both,both,1,1
2026-01-15T17:18:04.522887+00:00,Walmart,Cookies & Sweets,Food,Legendary Foods,Legendary Sweet Roll,4,Caramel Sticky Bun,16179774957,https://www.walmart.com/ip/Legendary-Foods-Protein-Sweet-Roll-Sticky-Bun-9-2oz-4ct/16179774957?fulfillmentIntent=In-store&filters=%5B%7B%22intent%22%3A%22fulfillmentIntent%22%2C%22values%22%3A%5B%22In-store%22%5D%7D%5D&classType=VARIANT,ok,8.87,USD,dom,9.87,0.10131712259371835,üí™ Strong Deal,2.2175,db,https://i5.walmartimages.com/seo/Legendary-Foods-Protein-Sweet-Roll-Sticky-Bun-9-2oz-4ct_37e01957-e8cd-4b0a-8baa-6d7aebcaf545.41d483717747b50e0609de622c52e5e6.jpeg?odnHeight=573&odnWidth=573&odnBg=FFFFFF,both,both,1,1
2026-01-15T17:18:11.156706+00:00,Walmart,Cookies & Sweets,Food,Legendary Foods,Legendary Protein Pastry,4,Cherry Crumble,15675864372,https://www.walmart.com/ip/Legendary-Foods-Gluten-Free-and-Keto-Friendly-Protein-Pastry-Cherry-Crumble-8oz-4ct/15675864372?fulfillmentIntent=In-store&filters=%5B%7B%22intent%22%3A%22fulfillmentIntent%22%2C%22values%22%3A%5B%22In-store%22%5D%7D%5D&classType=VARIANT&athbdg=L1102,ok,8.87,USD,dom,9.87,0.10131712259371835,üí™ Strong Deal,2.2175,db,https://i5.walmartimages.com/seo/Legendary-Foods-Gluten-Free-and-Keto-Friendly-Protein-Pastry-Cherry-Crumble-8oz-4ct_3f4c07f5-8a50-42cd-b75a-07b987adf8b9.1e8a3ec3ec25a6dcf3b3b4414e86b954.jpeg?odnHeight=573&odnWidth=573&odnBg=FFFFFF,both,both,1,1
2026-01-15T17:18:18.335728+00:00,Walmart,Cookies & Sweets,Food,Legendary Foods,Legendary Protein Pastry,4,Brown Sugar Cinnamon,231926979,https://www.walmart.com/ip/Legendary-Foods-Protein-Pastry-Brown-Sugar-Cinnamon-4-Pack-Protein-Snack-Gluten-Free-Keto-Friendly/231926979?fulfillmentIntent=In-store&filters=%5B%7B%22intent%22%3A%22fulfillmentIntent%22%2C%22values%22%3A%5B%22In-store%22%5D%7D%5D&classType=REGULAR&athbdg=L1600,ok,8.87,USD,dom,9.87,0.10131712259371835,üí™ Strong Deal,2.2175,db,https://i5.walmartimages.com/seo/Legendary-Foods-Protein-Pastry-Brown-Sugar-Cinnamon-4-Pack-Protein-Snack-Gluten-Free-Keto-Friendly_e45a73b3-1b15-4938-830e-fa3013cf9e24.c059fe0d377b0cdb39ac4a2ffab1f1e3.jpeg?odnHeight=573&odnWidth=573&odnBg=FFFFFF,both,both,1,1
2026-01-15T17:18:24.733563+00:00,Walmart,Cookies & Sweets,Food,Legendary Foods,Legendary Donuts,4,Vanilla Glazed,16364168514,https://www.walmart.com/ip/Legendary-Foods-Protein-Donuts-Vanilla-Glazed-9-2oz-4ct/16364168514?fulfillmentIntent=Shipping&filters=%5B%7B%22intent%22%3A%22fulfillmentIntent%22%2C%22values%22%3A%5B%22Shipping%22%5D%7D%5D&classType=VARIANT,ok,8.87,USD,dom,9.87,0.10131712259371835,üí™ Strong Deal,2.2175,db,https://i5.walmartimages.com/seo/Legendary-Foods-Protein-Donuts-Vanilla-Glazed-9-2oz-4ct_e33e8701-09a0-4fd8-8a1a-b1f2a334c50f.1d33a701a7c2d8a024e0f6b9ef16a647.jpeg?odnHeight=573&odnWidth=573&odnBg=FFFFFF,online_only,online_only,0,1
2026-01-15T17:18:31.580312+00:00,Walmart,Cookies & Sweets,Food,Legendary Foods,Legendary Donuts,4,Chocolate Dipped,16414870954,https://www.walmart.com/ip/Legendary-Foods-Protein-Donuts-Chocolate-Dipped-8-6oz-4ct/16414870954?fulfillmentIntent=Shipping&filters=%5B%7B%22intent%22%3A%22fulfillmentIntent%22%2C%22values%22%3A%5B%22Shipping%22%5D%7D%5D&classType=VARIANT&athbdg=L1102,ok,8.87,USD,dom,9.87,0.10131712259371835,üí™ Strong Deal,2.2175,db,https://i5.walmartimages.com/seo/Legendary-Foods-Protein-Donuts-Chocolate-Dipped-8-6oz-4ct_3bc1c2ca-c392-4a09-85cc-5d6f1d139030.b1d8a469f48cbbc8ec6dfa1cd9716e5c.jpeg?odnHeight=2000&odnWidth=2000&odnBg=FFFFFF,online_only,online_only,0,1
2026-01-15T17:18:38.212094+00:00,Walmart,Cookies & Sweets,Food,Legendary Foods,Legendary Protein Pastry,4,S'mores,15665162613,https://www.walmart.com/ip/Legendary-Foods-Gluten-Free-and-Keto-Friendly-Protein-Pastry-S-mores-8oz-4ct/15665162613?fulfillmentIntent=Shipping&filters=%5B%7B%22intent%22%3A%22fulfillmentIntent%22%2C%22values%22%3A%5B%22Shipping%22%5D%7D%5D&classType=VARIANT&athbdg=L1102,ok,8.87,USD,dom,9.87,0.10131712259371835,üí™ Strong Deal,2.2175,db,https://i5.walmartimages.com/seo/Legendary-Foods-Gluten-Free-and-Keto-Friendly-Protein-Pastry-S-mores-8oz-4ct_04ee6d33-55a7-4c33-a95e-765ea20170a9.046377764ea276af7a3056e9d408d009.jpeg?odnHeight=2000&odnWidth=2000&odnBg=FFFFFF,online_only,online_only,0,1
2026-01-15T17:15:34.002114+00:00,Walmart,RTD Protein Shake,Drinks,Core Power,Core Power Protein Shake,4,Vanilla,5262660866,https://www.walmart.com/ip/Core-Power-Protein-Shake-with-26g-Protein-by-fairlife-Milk-Vanilla-14-fl-oz/5262660866,ok,12.88,USD,dom,14.32,0.10055865921787706,üí™ Strong Deal,3.2200,db,https://i5.walmartimages.com/seo/4-pack-Core-Power-Protein-Shake-with-26g-Protein-by-fairlife-Milk-Vanilla-14-fl-oz_79f5a0d2-1754-4cb7-8678-959b090ef4de.51fdf61ac90deefcd0b040c1d0ef4d1b.jpeg?odnHeight=2000&odnWidth=2000&odnBg=FFFFFF,both,both,1,1
2026-01-15T17:15:59.690012+00:00,Walmart,RTD Protein Shake,Drinks,Core Power,Core Power Protein Shake,4,Strawberry Banana,16944117498,https://www.walmart.com/ip/4-pack-Core-Power-Protein-Shake-with-26g-Protein-by-fairlife-Milk-Strawberry-Banana-14-fl-oz/16944117498,ok,12.88,USD,dom,14.32,0.10055865921787706,üí™ Strong Deal,3.2200,db,https://i5.walmartimages.com/seo/4-pack-Core-Power-Protein-Shake-with-26g-Protein-by-fairlife-Milk-Strawberry-Banana-14-fl-oz_98538935-d1d5-4a75-b65f-b834289fcacf.ef7e645a98e0c0b87dc9cdf560226625.jpeg?odnHeight=2000&odnWidth=2000&odnBg=FFFFFF,both,both,1,1
2026-01-15T17:13:06.899657+00:00,Walmart,Bars,Food,Clif,Clif Bar,10,Chocolate Chip,5193278276,https://www.walmart.com/ip/CLIF-BAR-Chocolate-Chip-Made-with-Organic-Oats-Energy-Bars-Non-GMO-Plant-Based-Protein-Bars-10-Pack/5193278276,ok,11.37,USD,dom,12.64,0.1004746835443039,üí™ Strong Deal,1.1370,db,https://i5.walmartimages.com/seo/CLIF-BAR-Chocolate-Chip-Made-with-Organic-Oats-Energy-Bars-Non-GMO-Plant-Based-Protein-Bars-10-Pack_8f5e6548-70fb-4576-8cdb-2c4df7e501f7.f55eb0d9da1dd7ecc46c672470cfc8ef.jpeg?odnHeight=2000&odnWidth=2000&odnBg=FFFFFF,both,both,1,1
2026-01-15T17:13:26.807957+00:00,Walmart,Bars,Food,Clif,Clif Bar,10,Crunchy Peanut Butter,5193278280,https://www.walmart.com/ip/CLIF-BAR-Crunchy-Peanut-Butter-Made-with-Organic-Oats-Energy-Bars-Non-GMO-Plant-Based-Protein-Bars-10-Pack/5193278280,ok,11.37,USD,dom,12.64,0.1004746835443039,üí™ Strong Deal,1.1370,db,https://i5.walmartimages.com/seo/CLIF-BAR-Crunchy-Peanut-Butter-Made-with-Organic-Oats-Energy-Bars-Non-GMO-Plant-Based-Protein-Bars-10-Pack_d4416678-cc96-44b7-96cf-9a149d2db4e2.bb4a17604317c98917656e8dbfea5036.jpeg?odnHeight=2000&odnWidth=2000&odnBg=FFFFFF,both,both,1,1
2026-01-15T17:13:45.474473+00:00,Walmart,Bars,Food,Clif,Clif Bar,10,White Chocolate Macadamia Nut,5193278278,https://www.walmart.com/ip/CLIF-BAR-White-Chocolate-Macadamia-Nut-Flavor-Energy-Bars-Plant-Based-Protein-Bars-10ct/5193278278,ok,11.37,USD,dom,12.64,0.1004746835443039,üí™ Strong Deal,1.1370,db,https://i5.walmartimages.com/seo/CLIF-BAR-White-Chocolate-Macadamia-Nut-Flavor-Energy-Bars-Plant-Based-Protein-Bars-10ct_d2aafdb5-769d-4636-94a6-05dd18879acf.adf6462723e72fd9f36e223cf33aa10c.jpeg?odnHeight=573&odnWidth=573&odnBg=FFFFFF,both,both,1,1
2026-01-15T17:14:29.886914+00:00,Walmart,Bars,Food,Clif,Clif Bar,10,Peanut Butter Banana Dark Chocolate,5193278275,https://www.walmart.com/ip/CLIF-BAR-Peanut-Butter-Banana-with-Dark-Chocolate-Flavor-Energy-Bars-Plant-Based-Protein-Bars-10ct/5193278275,ok,11.37,USD,dom,12.64,0.1004746835443039,üí™ Strong Deal,1.1370,db,https://i5.walmartimages.com/seo/CLIF-BAR-Peanut-Butter-Banana-with-Dark-Chocolate-Flavor-Energy-Bars-Plant-Based-Protein-Bars-10ct_901ff0fc-998d-4306-b3bc-10d298b5b3ae.b60f89de7a00334e755add7b3451fc02.jpeg?odnHeight=573&odnWidth=573&odnBg=FFFFFF,both,both,1,1
2026-01-15T17:08:56.780861+00:00,Walmart,Bars,Food,Quest,Quest Hero Protein Bar,4,Birthday Cake,5727669028,https://www.walmart.com/ip/Quest-Crispy-Hero-Protein-Bar-Birthday-Cake-Flavor-Low-Sugar-4-Count/5727669028,ok,7.99,USD,dom,8.88,0.10022522522522528,üí™ Strong Deal,1.9975,db,https://i5.walmartimages.com/seo/Quest-Crispy-Hero-Protein-Bar-Birthday-Cake-Flavor-Low-Sugar-4-Count_1979f8c2-7c0c-4730-9e87-134ba4576451.5c7d50baac593be030f702c6e7b71557.jpeg?odnHeight=2000&odnWidth=2000&odnBg=FFFFFF,both,both,1,1
2026-01-15T17:20:25.683400+00:00,Walmart,Meat Snack,Food,Chomps,Chomps Meat Sticks,8,Original Beef,464858662,https://www.walmart.com/ip/Chomps-Grass-Fed-and-Finished-Original-Beef-Jerky-Meat-Snack/464858662?classType=VARIANT&athbdg=L1600&from=/search,ok,16.44,USD,dom,18.27,0.10016420361247938,üí™ Strong Deal,2.0550,db,https://i5.walmartimages.com/seo/Chomps-Grass-Fed-and-Finished-Original-Beef-Jerky-Meat-Snack_e006fe89-36ff-4cab-8e7d-3b1bf2d32f4d.04dd875d304afaf9301d132ff981670c.jpeg?odnHeight=2000&odnWidth=2000&odnBg=FFFFFF,both,both,1,1
2026-01-15T17:20:32.840781+00:00,Walmart,Meat Snack,Food,Chomps,Chomps Meat Sticks,8,Jalapeno Beef,1247623750,https://www.walmart.com/ip/Chomps-Grass-Fed-and-Finished-Jalape-o-Beef-Jerky-Meat-Snack/1247623750?classType=VARIANT&athbdg=L1600&from=/search,ok,16.44,USD,dom,18.27,0.10016420361247938,üí™ Strong Deal,2.0550,db,https://i5.walmartimages.com/seo/Chomps-Grass-Fed-and-Finished-Jalape-o-Beef-Jerky-Meat-Snack_c3a1d606-f2b2-445c-8bc5-a0ee95725af1.dbcffbc090e74f32acaf7f48c26127ff.jpeg?odnHeight=2000&odnWidth=2000&odnBg=FFFFFF,both,both,1,1
2026-01-15T17:20:46.830132+00:00,Walmart,Meat Snack,Food,Chomps,Chomps Meat Sticks,8,Smoky BBQ,14579514369,https://www.walmart.com/ip/Smoky-BBQ-8ct/14579514369?fulfillmentIntent=In-store&filters=%5B%7B%22intent%22%3A%22fulfillmentIntent%22%2C%22values%22%3A%5B%22In-store%22%5D%7D%5D&classType=REGULAR&from=/search,ok,16.44,USD,dom,18.27,0.10016420361247938,üí™ Strong Deal,2.0550,db,https://i5.walmartimages.com/seo/Smoky-BBQ-8ct_b2b54e8a-f9a0-4e8f-9a6d-b517e9824220.99acb7c6473837c718cca18c1f1bf1a4.jpeg?odnHeight=573&odnWidth=573&odnBg=FFFFFF,both,both,1,1
2026-01-15T17:20:53.133514+00:00,Walmart,Meat Snack,Food,Chomps,Chomps Meat Sticks,8,Original Turkey,5653824122,https://www.walmart.com/ip/Chomps-Original-Turkey-Sticks-1-15oz-8-Count-Pouch/5653824122?fulfillmentIntent=In-store&filters=%5B%7B%22intent%22%3A%22fulfillmentIntent%22%2C%22values%22%3A%5B%22In-store%22%5D%7D%5D&classType=REGULAR&from=/search,ok,16.44,USD,dom,18.27,0.10016420361247938,üí™ Strong Deal,2.0550,db,https://i5.walmartimages.com/seo/Chomps-Original-Turkey-Sticks-1-15oz-8-Count-Pouch_33b4f1d1-4674-43c0-b504-a557c16a1938.7861dd4c229dc210f105287fb7d2e2f9.jpeg?odnHeight=573&odnWidth=573&odnBg=FFFFFF,both,both,1,1
2026-01-15T14:54:24.590874+00:00,Kroger,Energy Drink,Drinks,Celsius,Celsius Energy Drink,1,Orange,0088939200031,https://www.kroger.com/p/celsius-sparkling-orange-energy-drink-can/0088939200031,ok,2.25,USD,dom,2.49,0.09638554216867477,üè∑Ô∏è On Sale / Price Drop,2.2500,db,https://www.kroger.com/product/images/xlarge/front/0088939200031,in_store,in_store,1,0
2026-01-15T14:54:34.897109+00:00,Kroger,Energy Drink,Drinks,Celsius,Celsius Energy Drink,1,Watermelon,0088939200362,https://www.kroger.com/p/celsius-sparkling-watermelon-energy-drink-can/0088939200362,ok,2.25,USD,dom,2.49,0.09638554216867477,üè∑Ô∏è On Sale / Price Drop,2.2500,db,https://www.kroger.com/product/images/xlarge/front/0088939200362,in_store,in_store,1,0
2026-01-15T14:54:45.190303+00:00,Kroger,Energy Drink,Drinks,Celsius,Celsius Energy Drink,1,Wild Berry,0088939200032,https://www.kroger.com/p/celsius-sparkling-wild-berry-energy-drink-can/0088939200032,ok,2.25,USD,dom,2.49,0.09638554216867477,üè∑Ô∏è On Sale / Price Drop,2.2500,db,https://www.kroger.com/product/images/xlarge/front/0088939200032,in_store,in_store,1,0
2026-01-15T14:54:55.808589+00:00,Kroger,Energy Drink,Drinks,Celsius,Celsius Energy Drink,1,Raspberry Peach,0088939200130,https://www.kroger.com/p/celsius-sparkling-raspberry-peach-energy-drink-can/0088939200130,ok,2.25,USD,dom,2.49,0.09638554216867477,üè∑Ô∏è On Sale / Price Drop,2.2500,db,https://www.kroger.com/product/images/xlarge/front/0088939200130,in_store,in_store,1,0
2026-01-15T14:55:04.429072+00:00,Kroger,Energy Drink,Drinks,Celsius,Celsius Energy Drink,1,Playa Vibe (Pina Colada),0088939200174,https://www.kroger.com/p/celsius-sparkling-playa-vibe-energy-drink-can/0088939200174,ok,2.25,USD,dom,2.49,0.09638554216867477,üè∑Ô∏è On Sale / Price Drop,2.2500,db,https://www.kroger.com/product/images/xlarge/front/0088939200174,in_store,in_store,1,0
2026-01-15T14:55:13.686169+00:00,Kroger,Energy Drink,Drinks,Celsius,Celsius Energy Drink,1,Peach Vibe,0088939201019,https://www.kroger.com/p/celsius-sparkling-peach-vibe-energy-drink-can/0088939201019,ok,2.25,USD,dom,2.49,0.09638554216867477,üè∑Ô∏è On Sale / Price Drop,2.2500,db,https://www.kroger.com/product/images/xlarge/front/0088939201019,in_store,in_store,1,0
2026-01-15T14:55:23.724764+00:00,Kroger,Energy Drink,Drinks,Celsius,Celsius Energy Drink,1,Oasis Vibe (Prickly Pear),0088939200090,https://www.kroger.com/p/celsius-sparkling-oasis-vibe-energy-drink-can/0088939200090,ok,2.25,USD,dom,2.49,0.09638554216867477,üè∑Ô∏è On Sale / Price Drop,2.2500,db,https://www.kroger.com/product/images/xlarge/front/0088939200090,in_store,in_store,1,0
2026-01-15T14:55:34.555231+00:00,Kroger,Energy Drink,Drinks,Celsius,Celsius Energy Drink,1,Mango Lemonade,0088939200178,https://www.kroger.com/p/celsius-sparkling-mango-lemonade-energy-drink-can/0088939200178,ok,2.25,USD,dom,2.49,0.09638554216867477,üè∑Ô∏è On Sale / Price Drop,2.2500,db,https://www.kroger.com/product/images/xlarge/front/0088939200178,in_store,in_store,1,0
2026-01-15T14:55:45.036895+00:00,Kroger,Energy Drink,Drinks,Celsius,Celsius Energy Drink,1,Kiwi Guava,0088939201014,https://www.kroger.com/p/celsius-sparkling-kiwi-guava-energy-drink-can/0088939201014,ok,2.25,USD,dom,2.49,0.09638554216867477,üè∑Ô∏è On Sale / Price Drop,2.2500,db,https://www.kroger.com/product/images/xlarge/front/0088939201014,in_store,in_store,1,0
2026-01-15T14:55:55.017528+00:00,Kroger,Energy Drink,Drinks,Celsius,Celsius Energy Drink,1,Green Apple Cherry,0088939200086,https://www.kroger.com/p/celsius-sparkling-green-apple-cherry-energy-drink-can/0088939200086,ok,2.25,USD,dom,2.49,0.09638554216867477,üè∑Ô∏è On Sale / Price Drop,2.2500,db,https://www.kroger.com/product/images/xlarge/front/0088939200086,in_store,in_store,1,0
2026-01-15T15:04:14.358237+00:00,Kroger,Energy Drink,Drinks,Celsius,Celsius Energy Drink,1,Fuji Apple Pear,0088939201017,https://www.kroger.com/p/celsius-sparkling-fuji-apple-pear-energy-drink-can/0088939201017,ok,2.25,USD,dom,2.49,0.09638554216867477,üè∑Ô∏è On Sale / Price Drop,2.2500,db,https://www.kroger.com/product/images/xlarge/front/0088939201017,in_store,in_store,1,0
2026-01-15T15:04:25.972370+00:00,Kroger,Energy Drink,Drinks,Celsius,Celsius Energy Drink,1,Fantasy Vibe (Mandarin Marshmallow),0088939200059,https://www.kroger.com/p/celsius-sparkling-fantasy-vibe-energy-drink-can/0088939200059,ok,2.25,USD,dom,2.49,0.09638554216867477,üè∑Ô∏è On Sale / Price Drop,2.2500,db,https://www.kroger.com/product/images/xlarge/front/0088939200059,in_store,in_store,1,0
2026-01-15T15:05:23.806357+00:00,Kroger,Energy Drink,Drinks,Celsius,Celsius Energy Drink,1,Astro Vibe (Blue Razz),0088939200134,https://www.kroger.com/p/celsius-sparkling-astro-vibe-energy-drink-can/0088939200134,ok,2.25,USD,dom,2.49,0.09638554216867477,üè∑Ô∏è On Sale / Price Drop,2.2500,db,https://www.kroger.com/product/images/xlarge/front/0088939200134,in_store,in_store,1,0
2026-01-15T15:05:33.484362+00:00,Kroger,Energy Drink,Drinks,Celsius,Celsius Energy Drink,1,Arctic Vibe (Frozen Berry),0088939202141,https://www.kroger.com/p/celsius-sparkling-arctic-vibe-energy-drink-can/0088939202141,ok,2.25,USD,dom,2.49,0.09638554216867477,üè∑Ô∏è On Sale / Price Drop,2.2500,db,https://www.kroger.com/product/images/xlarge/front/0088939202141,in_store,in_store,1,0
2026-01-15T15:05:45.166110+00:00,Kroger,Energy Drink,Drinks,Celsius,Celsius Energy Drink,1,Retro Vibe (Sherbert Slush),0088939200172,https://www.kroger.com/p/celsius-sparkling-retro-vibe-energy-drink-can/0088939200172,ok,2.25,USD,dom,2.49,0.09638554216867477,üè∑Ô∏è On Sale / Price Drop,2.2500,db,https://www.kroger.com/product/images/xlarge/front/0088939200172,in_store,in_store,1,0
2026-01-15T15:05:55.545786+00:00,Kroger,Energy Drink,Drinks,Celsius,Celsius Energy Drink,1,Galaxy Vibe (Strawberry Watermelon),0088939200132,https://www.kroger.com/p/celsius-sparkling-galaxy-vibe-energy-drink-can/0088939200132,ok,2.25,USD,dom,2.49,0.09638554216867477,üè∑Ô∏è On Sale / Price Drop,2.2500,db,https://www.kroger.com/product/images/xlarge/front/0088939200132,in_store,in_store,1,0
2026-01-15T15:06:05.967076+00:00,Kroger,Energy Drink,Drinks,Celsius,Celsius Energy Drink,1,Cosmic Vibe (Fruit Punch),0088939200120,https://www.kroger.com/p/celsius-sparkling-cosmic-vibe-energy-drink-can/0088939200120,ok,2.25,USD,dom,2.49,0.09638554216867477,üè∑Ô∏è On Sale / Price Drop,2.2500,db,https://www.kroger.com/product/images/xlarge/front/0088939200120,in_store,in_store,1,0
2026-01-15T15:06:16.409408+00:00,Kroger,Energy Drink,Drinks,Celsius,Celsius Energy Drink,1,Blue Razz Lemonade,0088939200139,https://www.kroger.com/p/celsius-fizz-free-blue-razz-lemonade-energy-drink-can/0088939200139,ok,2.25,USD,dom,2.49,0.09638554216867477,üè∑Ô∏è On Sale / Price Drop,2.2500,db,https://www.kroger.com/product/images/xlarge/front/0088939200139,in_store,in_store,1,0
2026-01-15T14:56:52.331929+00:00,Target,Bars,Food,Clif,Clif Bar,10,Chocolate Chip,90610471,https://www.target.com/p/clif-bar-chocolate-chip-energy-bars/-/A-90610471,ok,11.49,USD,dom,12.69,0.09456264775413706,üè∑Ô∏è On Sale / Price Drop,1.1490,db,https://target.scene7.com/is/image/Target/GUEST_1aaa85a1-6011-46b1-9030-d58518342f35?wid=1200&hei=1200&qlt=80,both,both,1,1
2026-01-15T14:57:29.120064+00:00,Target,Bars,Food,Clif,Clif Bar,10,Crunchy Peanut Butter,90611823,https://www.target.com/p/clif-bar-crunchy-peanut-butter-energy-bars/-/A-90611823,ok,11.49,USD,dom,12.69,0.09456264775413706,üè∑Ô∏è On Sale / Price Drop,1.1490,db,https://target.scene7.com/is/image/Target/GUEST_a6923535-e3bf-4149-af4a-9aca45827fe8?wid=1200&hei=1200&qlt=80,both,both,1,1
2026-01-15T14:58:09.137138+00:00,Target,Bars,Food,Clif,Clif Bar,10,White Chocolate Macadamia Nut,90611012,https://www.target.com/p/clif-bar-white-chocolate-macadamia-nut-energy-bars/-/A-90611012,ok,11.49,USD,dom,12.69,0.09456264775413706,üè∑Ô∏è On Sale / Price Drop,1.1490,db,https://target.scene7.com/is/image/Target/GUEST_9c3adcfc-397f-4d09-84e7-c6e230918dc6?wid=1200&hei=1200&qlt=80,both,both,1,1
2026-01-15T14:58:19.596560+00:00,Target,Bars,Food,Clif,Clif Bar,10,Peanut Butter Banana Dark Chocolate,82888379,https://www.target.com/p/clif-bar-peanut-butter-banana-with-dark-chocolate/-/A-82888379,ok,11.49,USD,dom,12.69,0.09456264775413706,üè∑Ô∏è On Sale / Price Drop,1.1490,db,https://target.scene7.com/is/image/Target/GUEST_eb14f73b-645b-4c91-8ae7-cc1a4a91607b?wid=1200&hei=1200&qlt=80,both,both,1,1
2026-01-15T15:21:49.612966+00:00,Kroger,RTD Protein Shake,Drinks,Core Power,Core Power Elite Protein Shake,1,Chocolate,0081162002063,https://www.kroger.com/p/core-power-elite-chocolate-high-protein-shake/0081162002063,ok,4.99,USD,dom,5.49,0.09107468123861566,üè∑Ô∏è On Sale / Price Drop,4.9900,db,https://www.kroger.com/product/images/xlarge/front/0081162002063,in_store,in_store,1,0
2026-01-15T15:21:59.676446+00:00,Kroger,RTD Protein Shake,Drinks,Core Power,Core Power Elite Protein Shake,1,Strawberry,0081162002142,https://www.kroger.com/p/core-power-elite-strawberry-high-protein-shake/0081162002142,ok,4.99,USD,dom,5.49,0.09107468123861566,üè∑Ô∏è On Sale / Price Drop,4.9900,db,https://www.kroger.com/product/images/xlarge/front/0081162002142,in_store,in_store,1,0
2026-01-15T15:22:13.313624+00:00,Kroger,RTD Protein Shake,Drinks,Core Power,Core Power Elite Protein Shake,1,Vanilla,0081162002065,https://www.kroger.com/p/core-power-elite-vanilla-high-protein-shake/0081162002065,ok,4.99,USD,dom,5.49,0.09107468123861566,üè∑Ô∏è On Sale / Price Drop,4.9900,db,https://www.kroger.com/product/images/xlarge/front/0081162002065,in_store,in_store,1,0
2026-01-15T14:37:13.698465+00:00,Kroger,Bars,Food,Barebells,Barebells Protein Bar,4,Cookes & Caramel,0085005410880,https://www.kroger.com/p/barebells-cookies-caramel-protein-bars/0085005410880,ok,9.99,USD,dom,10.99,0.09099181073703366,üè∑Ô∏è On Sale / Price Drop,2.4975,db,https://www.kroger.com/product/images/xlarge/front/0085005410880,in_store,in_store,1,0
2026-01-15T15:06:27.086620+00:00,Kroger,Bars,Food,Barebells,Barebells Protein Bar,4,Birthday Cake,0085005410879,https://www.kroger.com/p/barebells-birthday-cake-protein-bar/0085005410879,ok,9.99,USD,dom,10.99,0.09099181073703366,üè∑Ô∏è On Sale / Price Drop,2.4975,db,https://www.kroger.com/product/images/xlarge/front/0085005410879,in_store,in_store,1,0
2026-01-15T15:08:06.162017+00:00,Kroger,Bars,Food,Barebells,Barebells Protein Bar,4,Caramel Cashew,0085000042961,https://www.kroger.com/p/barebells-caramel-cashew-protein-bars/0085000042961,ok,9.99,USD,dom,10.99,0.09099181073703366,üè∑Ô∏è On Sale / Price Drop,2.4975,db,https://www.kroger.com/product/images/xlarge/front/0085000042961,in_store,in_store,1,0
2026-01-15T15:08:38.197682+00:00,Kroger,Bars,Food,Barebells,Barebells Protein Bar,4,Chocolate Dough,0085000042962,https://www.kroger.com/p/barebells-chocolate-dough-protein-bars/0085000042962,ok,9.99,USD,dom,10.99,0.09099181073703366,üè∑Ô∏è On Sale / Price Drop,2.4975,db,https://www.kroger.com/product/images/xlarge/front/0085000042962,in_store,in_store,1,0
2026-01-15T15:08:49.960802+00:00,Kroger,Bars,Food,Barebells,Barebells Protein Bar,4,Cookies & Cream,0085000042959,https://www.kroger.com/p/barebells-cookies-cream-protein-bars/0085000042959,ok,9.99,USD,dom,10.99,0.09099181073703366,üè∑Ô∏è On Sale / Price Drop,2.4975,db,https://www.kroger.com/product/images/xlarge/front/0085000042959,in_store,in_store,1,0
2026-01-15T15:09:01.054995+00:00,Kroger,Bars,Food,Barebells,Barebells Protein Bar,4,Creamy Crisp,0085005410848,https://www.kroger.com/p/barebells-creamy-crisp-protein-bars/0085005410848,ok,9.99,USD,dom,10.99,0.09099181073703366,üè∑Ô∏è On Sale / Price Drop,2.4975,db,https://www.kroger.com/product/images/xlarge/front/0085005410848,in_store,in_store,1,0
2026-01-15T15:09:08.824708+00:00,Kroger,Bars,Food,Barebells,Barebells Protein Bar,4,Salty Peanut,0085000042960,https://www.kroger.com/p/barebells-salty-peanut-protein-bar/0085000042960,ok,9.99,USD,dom,10.99,0.09099181073703366,üè∑Ô∏è On Sale / Price Drop,2.4975,db,https://www.kroger.com/product/images/xlarge/front/0085000042960,in_store,in_store,1,0
2026-01-15T14:38:10.019028+00:00,Kroger,Bars,Food,David,David Protein Bar,1,Chocolate Chip Cookie Dough,0085006430300,https://www.kroger.com/p/david-chocolate-chip-cookie-dough-protein-bar/0085006430300,ok,3.0,USD,dom,3.29,0.08814589665653497,üè∑Ô∏è On Sale / Price Drop,3.0000,db,https://www.kroger.com/product/images/xlarge/front/0085006430300,in_store,in_store,1,0
2026-01-15T14:38:21.716706+00:00,Kroger,Bars,Food,David,David Protein Bar,1,Peanut Butter Chocolate Chunk,0085006430315,https://www.kroger.com/p/david-peanut-butter-chocolate-chunk-protein-bar/0085006430315,ok,3.0,USD,dom,3.29,0.08814589665653497,üè∑Ô∏è On Sale / Price Drop,3.0000,db,https://www.kroger.com/product/images/xlarge/front/0085006430315,in_store,in_store,1,0
2026-01-15T14:38:34.304972+00:00,Kroger,Bars,Food,David,David Protein Bar,1,Fudge Brownie,0085006430303,https://www.kroger.com/p/david-fudge-brownie-flavored-protein-bar/0085006430303,ok,3.0,USD,dom,3.29,0.08814589665653497,üè∑Ô∏è On Sale / Price Drop,3.0000,db,https://www.kroger.com/product/images/xlarge/front/0085006430303,in_store,in_store,1,0
2026-01-15T14:37:47.057444+00:00,Target,Bars,Food,Barebells,Barebells Protein Bar,12,Cookies & Cream,83942841,https://www.target.com/p/barebells-nutrition-bars-cookies-cream/-/A-83942841,ok,27.99,USD,dom,29.99,0.06668889629876626,üè∑Ô∏è On Sale / Price Drop,2.3325,db,https://target.scene7.com/is/image/Target/GUEST_fa246207-5fe6-4bf7-81e0-0b6b1389a63b?wid=600&hei=600&qlt=80,online_only,online_only,0,1
2026-01-15T14:38:15.475319+00:00,Target,Bars,Food,Barebells,Barebells Protein Bar,12,Caramel Cashew,83942844,https://www.target.com/p/barebells-nutrition-bars-caramel-cashew/-/A-83942844,ok,27.99,USD,dom,29.99,0.06668889629876626,üè∑Ô∏è On Sale / Price Drop,2.3325,db,https://target.scene7.com/is/image/Target/GUEST_7a272a2a-21ee-4fa7-ba04-5fb7a3ab7f7e?wid=600&hei=600&qlt=80,online_only,online_only,0,1
2026-01-15T14:38:52.907568+00:00,Target,Bars,Food,Barebells,Barebells Protein Bar,12,White Chocolate Almond,83942842,https://www.target.com/p/barebells-nutrition-bars-salty-peanut-7-76oz-4pk/-/A-83942842,ok,27.99,USD,dom,29.99,0.06668889629876626,üè∑Ô∏è On Sale / Price Drop,2.3325,db,https://target.scene7.com/is/image/Target/GUEST_c0f0dca6-6fe3-4c3b-a83d-f2fd0804f766?wid=600&hei=600&qlt=80,,,,
2026-01-15T14:39:04.135825+00:00,Target,Bars,Food,Barebells,Barebells Protein Bar,12,Chocolate Dough,83942845,https://www.target.com/p/barebells-nutrition-bars-salty-peanut-7-76oz-4pk/-/A-83942845,ok,27.99,USD,dom,29.99,0.06668889629876626,üè∑Ô∏è On Sale / Price Drop,2.3325,db,https://target.scene7.com/is/image/Target/GUEST_2b84ce93-6a84-46d9-9dc1-702862db604d?wid=600&hei=600&qlt=80,online_only,online_only,0,1
2026-01-15T14:39:12.523196+00:00,Target,Bars,Food,Barebells,Barebells Protein Bar,12,Salty Peanut,83942843,https://www.target.com/p/barebells-nutrition-bars-salty-peanut-7-76oz-4pk/-/A-83942843,ok,27.99,USD,dom,29.99,0.06668889629876626,üè∑Ô∏è On Sale / Price Drop,2.3325,db,https://target.scene7.com/is/image/Target/GUEST_da236175-24bb-4fa3-9ce7-eb8cfc04e65e?wid=600&hei=600&qlt=80,,,,
2026-01-15T14:43:57.383461+00:00,Target,Bars,Food,Quest,Quest Hero Protein Bar,12,Chocolate Peanut Butter,89846528,https://www.target.com/p/quest-nutrition-18g-hero-protein-bar-crispy-chocolate-peanut-butter/-/A-89846528,ok,21.49,USD,dom,22.99,0.06524575902566333,üè∑Ô∏è On Sale / Price Drop,1.7908,db,https://target.scene7.com/is/image/Target/GUEST_bd132c61-19e1-45ff-9bf0-11ca2448ac64?wid=600&hei=600&qlt=80,online_only,online_only,0,1
